skill,aliases
Python,"python,py"
Java,"java"
C++,"c++,cpp"
JavaScript,"javascript,js"
HTML,"html"
CSS,"css"
React,"react,reactjs,react.js"
Node.js,"node.js,nodejs"
Express,"express,express.js"
Django,"django"
Flask,"flask"
SQL,"sql"
MySQL,"mysql"
PostgreSQL,"postgresql,postgres"
MongoDB,"mongodb,mongo"
Git,"git"
GitHub,"github"
Data Structures,"data structures,dsa"
Algorithms,"algorithms"
OOP,"oop,object oriented programming,object-oriented programming"
Problem Solving,"problem solving"
Machine Learning,"machine learning,ml"
Artificial Intelligence,"artificial intelligence,ai"
Deep Learning,"deep learning"
TensorFlow,"tensorflow"
PyTorch,"pytorch"
Scikit-learn,"scikit-learn,sklearn,scikit learn"
NumPy,"numpy"
Pandas,"pandas"
Statistics,"statistics"
Probability,"probability"
Excel,"excel,microsoft excel"
Power BI,"power bi,powerbi"
Tableau,"tableau"
Matplotlib,"matplotlib"
Data Visualization,"data visualization"
Data Science,"data science"
Natural Language Processing,"natural language processing,nlp"
Computer Vision,"computer vision"
OpenCV,"opencv"
FastAPI,"fastapi"
REST API,"rest api,restful api"
Docker,"docker"
AWS,"aws,amazon web services"
Azure,"azure"